Latitude,Longitude,CA,MG,Na,K,Cl,So4,HCo3,Co3,No3,RS
-12.3016666666667,-41.775,2.40,0.97,2.50,0.80,3.50,0.00,12.20,0.00,1.50,58.00
-12.0180555555556,-41.6652777777778,278.00,32.23,67.50,5.60,430.00,262.00,117.12,0.00,14.50,1530.00
-12.2530555555556,-41.6194444444445,52.00,26.73,7.50,4.00,30.00,24.40,217.16,0.00,3.50,348.00
-12.7105555555556,-41.8255555555556,40.00,26.73,4.00,4.60,11.00,8.80,236.68,0.00,0.00,250.00
-12.0044444444444,-41.7383333333333,51.20,26.70,13.60,3.80,90.00,3.50,151.30,7.20,0.00,416.00
-12.6108333333333,-41.6947222222222,2.40,1.90,4.20,1.20,9.00,1.00,9.80,0.00,0.00,65.00
-12.7730555555556,-41.5338888888889,0.80,1.00,1.30,0.60,3.00,0.00,4.90,0.00,0.00,52.00
-12.5730555555556,-41.8180555555556,78.40,34.02,18.50,3.00,116.00,4.50,187.88,0.00,60.00,583.00
-12.8072222222222,-41.7997222222222,17.60,6.80,12.00,5.20,31.00,0.50,65.88,0.00,1.50,156.00
-12.9966666666667,-41.8080555555556,1.60,2.43,1.50,0.40,4.00,1.00,14.64,0.00,0.00,51.00
-12.7505555555556,-41.9452777777778,24.80,4.86,11.00,1.40,24.00,2.00,85.40,0.00,0.00,172.00
-12.5536111111111,-41.3802777777778,1.60,1.94,1.00,0.00,4.00,0.10,9.76,0.00,0.00,26.00
-12.4477777777778,-41.5816666666667,2.40,2.91,2.00,0.60,4.00,1.00,7.32,0.00,0.00,20.00
-12.2883333333333,-41.1675,23.20,12.63,8.70,2.00,23.00,2.70,114.68,0.00,0.00,212.00
-12.2897222222222,-41.4197222222222,1.60,1.45,3.00,0.60,0.60,0.70,9.76,0.00,0.00,25.00
-12.0688888888889,-41.0933333333333,35.20,22.35,13.50,3.80,26.00,2.80,200.08,0.00,0.00,215.00
-12.0938888888889,-41.4419444444444,3.20,5.83,14.80,3.40,26.00,0.30,26.84,0.00,12.50,85.00
-12.5041666666667,-41.2152777777778,14.40,8.74,6.30,1.20,25.00,1.30,65.85,0.00,0.00,91.00
-12.5936111111111,-41.1441666666667,104.00,36.45,37.00,7.20,22.00,177.00,322.00,0.00,2.00,673.00
-12.8033333333333,-41.3283333333333,0.80,0.97,0.80,0.20,2.00,0.00,6.10,0.00,0.00,15.00
-12.7183333333333,-41.2658333333333,63.20,22.35,7.40,4.20,16.00,2.40,285.48,0.00,2.50,384.00
-12.4297222222222,-41.3563888888889,1.60,0.97,1.00,0.40,3.00,0.30,7.32,0.00,0.00,14.00
-12.1675,-41.2694444444445,1.60,2.91,3.40,0.40,7.00,0.30,12.20,0.00,0.00,23.00
-12.2883333333333,-41.0505555555556,60.00,28.67,17.00,10.40,53.00,11.20,263.52,0.00,10.00,332.00
-12.2905555555556,-40.5080555555556,320.00,413.10,562.00,75.50,2425.00,210.00,141.50,0.00,0.00,4880.00
-12.0327777777778,-40.4861111111111,3.20,2.90,14.40,2.50,28.00,3.40,14.60,0.00,0.00,90.00
-12.4458333333333,-40.6197222222222,3.20,1.50,1.90,0.25,3.00,0.50,9.80,0.00,4.00,52.00
-12.3513888888889,-40.9013888888889,160.00,82.60,105.00,14.50,580.00,28.20,170.80,0.00,0.00,1480.00
-12.0652777777778,-40.9725,152.00,77.80,110.50,15.50,490.00,45.20,287.90,0.00,0.00,1180.00
-12.045,-40.8072222222222,14.40,8.70,48.00,8.00,94.00,9.90,58.60,0.00,3.00,237.00
-12.2252777777778,-40.7822222222222,272.00,104.40,70.40,10.50,720.00,40.40,263.50,0.00,0.00,2040.00
-12.7238888888889,-40.5766666666667,360.00,680.40,1166.00,16.00,4100.00,430.00,231.80,0.00,5.00,8400.00
-12.9122222222222,-40.6988888888889,400.00,461.70,595.00,51.50,2900.00,5.30,209.80,0.00,0.00,6100.00
-12.3244444444444,-40.7202777777778,440.00,473.40,702.00,85.00,2925.00,246.00,165.90,0.00,0.00,5860.00
-12.6466666666667,-40.9325,146.00,99.63,78.00,16.00,500.00,33.20,122.00,0.00,16.50,1160.00
-12.8330555555556,-40.9077777777778,11.20,6.31,6.80,18.60,9.00,0.80,20.28,0.00,2.50,142.00
-12.9880555555556,-40.96,11.20,2.91,1.60,0.60,6.00,0.10,43.92,0.00,0.00,80.00
-12.9369444444444,-41.0641666666667,9.60,2.43,1.40,0.40,4.00,0.20,36.60,0.00,0.00,65.00
-12.7411111111111,-40.2086111111111,8.00,3.40,2.50,0.40,8.00,0.00,34.16,0.00,0.00,64.00
-12.9638888888889,-40.4769444444444,480.00,534.00,734.00,39.00,3300.00,90.00,183.00,0.00,0.00,7124.00
-12.5291666666667,-40.3163888888889,140.00,196.26,340.00,24.00,1250.00,84.00,170.80,0.00,10.00,2713.00
-12.5313888888889,-40.0802777777778,56.00,80.19,116.00,10.40,450.00,19.20,122.00,0.00,2.00,940.00
-12.8197222222222,-39.9175,72.00,38.88,22.40,4.80,190.00,13.20,156.16,0.00,0.00,520.00
-12.5877777777778,-39.5205555555556,14.40,8.74,15.20,1.00,56.00,5.60,29.28,0.00,2.00,135.00
-12.3197222222222,-39.695,188.00,262.44,400.00,12.00,1575.00,125.00,244.00,0.00,0.00,3348.00
-12.3558333333333,-40.0413888888889,180.00,187.00,340.00,20.00,1325.00,75.00,170.80,0.00,0.00,2709.00
-12.2680555555556,-39.8463888888889,208.00,347.49,500.00,10.00,1800.00,175.00,280.60,0.00,0.00,3946.00
-12.1058333333333,-39.8477777777778,60.00,65.61,300.00,7.00,380.00,75.00,549.00,0.00,0.00,1549.00
-12.1786111111111,-40.4025,128.00,123.93,247.00,16.00,900.00,40.00,134.20,0.00,0.00,1832.00
-12.0338888888889,-39.6913888888889,92.00,607.50,920.00,13.16,3800.00,350.00,280.60,0.00,0.00,7169.00
-12.3525,-40.4127777777778,392.00,478.71,375.00,27.60,2200.00,575.00,146.40,0.00,0.00,4280.00
-12.1847222222222,-39.4938888888889,460.00,546.75,950.00,33.00,3550.00,400.00,280.60,0.00,0.00,6317.00
-12.2669444444444,-39.5997222222222,840.00,1688.85,1000.00,27.00,7750.00,250.00,446.52,0.00,0.00,11580.00
-12.0947222222222,-40.2133333333333,440.00,486.00,565.00,23.60,2750.00,345.00,229.40,0.00,4.00,5600.00
-12.5291666666667,-39.9275,9.60,5.40,3.30,0.60,8.00,0.70,46.40,0.00,0.00,90.00
-13.5030555555556,-41.4577777777778,4.00,0.48,0.20,0.10,2.00,0.50,12.20,0.00,0.00,18.00
-13.2494444444444,-41.4425,1.60,0.97,1.40,0.40,2.50,0.00,9.76,0.00,0.00,24.00
-13.5805555555556,-41.3608333333333,1.60,1.00,1.40,0.60,3.00,1.50,9.80,0.00,1.00,20.00
-13.135,-41.4986111111111,1.60,1.00,1.40,0.60,2.00,0.80,9.80,0.00,0.00,33.00
-12.9763888888889,-41.5597222222222,1.60,0.50,1.10,0.40,1.00,0.50,9.80,0.00,0.00,28.0
-12.9758333333333,-41.2744444444444,1.60,0.50,1.00,0.00,2.00,1.50,4.90,0.00,0.00,45.00
-13.1847222222222,-40.9555555555556,120.00,102.10,54.00,4.40,430.00,11.80,226.90,0.00,8.50,943.00
-13.3252777777778,-40.4291666666667,5.60,1.45,13.50,2.00,25.00,2.00,24.40,0.00,0.00,75.00
-13.4341666666667,-41.1105555555556,17.60,8.74,0.60,1.20,3.00,1.00,87.84,0.00,1.50,95.00
-13.1086111111111,-40.4025,976.00,108.00,5,300.00,39.00,146.40,0.00,0.00,8,205.00
-13.1672222222222,-40.7661111111111,4.00,1.45,2.40,0.80,4.00,1.20,17.08,0.00,3.50,34.00
-13.1275,-41.1094444444444,5.60,0.48,1.80,0.60,3.00,0.90,17.08,0.00,1.50,25.00
-12.7072222222222,-38.4536111111111,6.60,4.37,8.00,3.00,20.00,3.50,24.40,0.00,2.00,72.00
-12.7747222222222,-38.7766666666667,7.20,2.41,5.50,0.20,18.00,3.00,17.08,0.00,0.00,55.00
-12.3513888888889,-38.9444444444444,44.00,1.21,210.00,4.20,130.00,115.00,370.80,0.00,0.00,850.00
-12.0105555555556,-38.6341666666667,9.60,2.91,19.00,5.60,40.00,1.00,21.96,0.00,14.00,122.00
-12.3016666666667,-38.6394444444444,17.60,13.60,21.50,13.00,63.00,3.50,73.20,0.00,8.50,190.00
-12.2027777777778,-38.8658333333333,8.00,14.58,126.00,8.50,140.00,12.80,73.20,0.00,140.00,590.00
-12.16,-38.4194444444444,4.00,1.45,7.50,0.20,16.00,0.40,4.88,0.00,7.00,48.00
-12.5013888888889,-38.4930555555556,22.00,9.72,37.00,4.00,30.00,7.50,146.40,0.00,0.00,260.00
-12.4255555555556,-38.3411111111111,10.40,13.12,40.00,6.50,100.00,4.50,34.16,0.00,2.50,257.00
-12.6463888888889,-38.0633333333333,34.00,9.72,20.50,2.50,49.00,48.00,73.20,0.00,0.00,230.00
-12.7658333333333,-38.1769444444444,16.00,6.07,37.50,4.00,45.00,43.20,48.80,0.00,12.50,220.00
-12.6780555555556,-39.2419444444444,56.00,68.00,268.40,7.80,500.00,34.40,317.20,0.00,0.00,1233.00
-12.9122222222222,-39.3641666666667,36.00,29.20,95.00,1.50,145.00,3.90,266.00,0.00,1.50,547.00
-12.9897222222222,-39.1302777777778,7.20,5.40,18.00,2.80,23.00,1.50,70.80,0.00,0.00,140.00
-12.9325,-38.6255555555556,25.60,17.98,14.40,4.10,22.00,10.90,158.60,0.00,0.00,235.00
-13.0633333333333,-38.7883333333333,27.20,12.63,5.00,0.00,10.00,1.90,145.40,0.00,0.00,140.00
-12.8355555555556,-39.1036111111111,36.00,41.31,119.00,1.60,160.00,51.00,290.36,14.38,0.00,722.00
-12.8355555555556,-38.9441666666667,4.00,7.29,8.00,1.00,12.00,0.00,48.80,0.00,0.00,81.00
-12.5719444444444,-38.8952777777778,9.60,7.77,14.00,4.10,25.00,0.70,21.96,0.00,55.00,138.13
-13.1147222222222,-38.9027777777778,1.60,1.94,1.60,0.60,7.00,0.70,7.32,0.00,0.00,20.76
-12.0302777777778,-38.8494444444444,7.20,6.80,98.00,5.90,111.00,13.40,51.24,0.00,75.00,550.00
-12.4819444444444,-39.2163888888889,8.80,12.15,45.60,9.10,146.00,3.90,19.52,0.00,22.00,386.00
-12.1869444444444,-39.3452777777778,64.00,80.00,205.00,15.00,350.00,34.00,336.72,0.00,172.50,1164.00
-12.125,-39.1080555555556,210.00,499.36,775.00,14.70,2750.00,150.00,126.88,0.00,1.50,5057.00
-12.9541666666667,-38.3563888888889,28.00,3.90,16.60,1.30,35.00,10.80,85.40,0.00,12.00,190.00
-12.9875,-38.3563888888889,46.00,17.50,18.30,3.10,68.00,8.50,175.70,0.00,0.00,324.00
-12.0166666666667,-38.6166666666667,4.00,3.89,29.00,8.10,50.50,7.69,9.76,0.00,20.50,135.00
-12.0666666666667,-38.55,4.80,3.40,17.25,1.12,34.50,8.65,9.76,0.00,0.00,80.00
-12.1333333333333,-38.65,5.60,8.60,69.37,15.50,135.00,12.01,17.08,0.00,0.00,338.00
-12.1166666666667,-38.4166666666667,4.00,1.70,5.80,0.60,10.00,10.09,12.20,0.00,0.00,63.00
-12.2,-38.6166666666667,6.40,5.59,31.50,15.50,49.00,5.77,24.40,0.00,38.60,227.00
-12.2,-38.5,2.00,6.32,26.50,8.80,46.00,11.05,7.32,0.00,44.50,207.00
-12.3166666666667,-38.7666666666667,2.40,6.80,8.75,1.75,19.00,7.69,4.88,0.00,17.60,70.00
-12.2833333333333,-38.6166666666667,4.00,8.26,30.50,12.40,59.00,27.77,21.96,0.00,0.00,200.00
-12.2666666666667,-38.525,11.20,22.84,113.75,34.60,24.99,7.39,0.00,0.00,0.00,0.00
-12.2666666666667,-38.3666666666667,4.80,10.69,101.25,11.80,195.00,13.45,9.76,0.00,0.00,440.00
-12.2166666666667,-38.2166666666667,6.40,3.89,13.75,4.62,29.00,6.73,8.54,0.00,20.50,120.00
-12.3166666666667,-38.3666666666667,26.40,1.45,24.00,20.00,46.00,11.52,87.84,0.00,0,218.00
-12.2833333333333,-38.2166666666667,8.80,5.35,7.75,2.74,14.00,6.73,24.40,0.00,25.00,100.00
-12.35,-38.3833333333333,6.40,6.80,33.50,15.00,86.00,17.32,5.76,0.00,0.00,184.00
-12.3583333333333,-38.2333333333333,1.60,2.43,13.75,4.48,24.00,4.81,8.54,0.00,5.80,70.00
-12.4,-38.75,4.00,3.40,8.75,3.60,19.50,10.57,16.98,0.00,0.00,112.00
-12.4,-38,9.60,6.80,32.50,15.90,71.00,17.29,12.08,0.00,0.00,438.00
-12.4,-38.4666666666667,1.60,1.94,10.75,5.06,17.00,5.77,10.98,0.00,0.00,82.00
-12.4333333333333,-38.3666666666667,135.20,13.61,33.75,27.00,78.00,53.81,414.80,0.00,0.00,776.00
-12.3833333333333,-38.15,1.60,1.94,10.75,1.56,20.00,6.73,8.54,0.00,0.00,56.00
-12.4833333333333,-38.6166666666667,13.60,15.07,67.50,6.20,12.70,8.17,34.16,328.00,0.00,0.00
-12.4666666666667,-38.55,4.00,4.81,9.50,1.86,15.50,7.41,41.96,0.00,3.30,70.00
-12.5333333333333,-38.7166666666667,64.00,38.88,197.00,40.50,270.00,5.28,500.20,0.00,3.20,1000.00
-12.5333333333333,-38.5666666666667,16.00,3.40,9.50,2.00,13.00,5.77,68.32,0.00,0.00,120.00
-12.5166666666667,-38.5,12.00,9.23,49.50,22.50,88.00,6.73,4.88,0.00,78.00,334.00
-12.5333333333333,-38.3166666666667,2.40,1.94,6.40,2.24,13.50,6.73,4.88,0.00,0.00,66.00
-12.6166666666667,-33.8166666666667,6.40,2.43,5.60,1.56,10.50,6.73,21.96,0.00,2.30,80.00
-12.6,-38.5666666666667,3.20,1.46,9.75,2.18,20.50,4.80,7.32,0.00,2.90,69.00
-12.6,-38.4,1.60,1.46,5.40,0.60,10.00,4.32,6.10,0.00,0.00,34.00
-12.6,-38.6,60.80,9.23,31.00,14.50,44.00,64.39,68.34,0.00,0.00,362.00
-12.6333333333333,-38.6166666666667,4.80,1.46,9.75,4.18,19.00,5.77,7.32,8.75,60.00,0.00
-12.65,-38.4680555555556,10.40,1.94,8.75,3.34,16.50,5.77,34.16,0.00,0.00,80.00
-12.65,-38.1666666666667,4.00,0.97,17.50,1.00,30.00,1.92,9.76,0.00,0.00,111.00
-12.7333333333333,-38.7666666666667,2.40,0.49,4.00,1.00,8.00,4.81,4.88,0.00,0.00,25.00
-12.6666666666667,-38.55,11.20,9.76,67.50,14.60,102.00,7.69,4.88,0.00,96.00,388.00
-12.7,-38.3166666666667,48.00,5.58,47.00,20.00,98.00,21.14,134.20,0.00,0.00,393.00
-12.7833333333333,-38.4,6.80,2.19,10.73,3.34,17.50,9.61,29.28,0.00,0.00,116.00
-12.8333333333333,-38.2666666666667,11.20,3.40,24.25,16.70,30.00,10.09,70.82,0.00,0.00,188.00
-12.8666666666667,-38.4333333333333,9.60,1.46,7.00,1.74,13.00,11.53,26.84,0.00,0.00,85.00
-12,-38.3166666666667,3.20,5.35,32.50,2.98,59.00,15.37,12.20,0.00,0.00,166.00
-12.0833333333333,-38.5,7.20,8.75,19.50,10.00,45.00,28.83,14.64,0.00,0.00,196.00
-12.2536111111111,-38.9333333333333,2.40,1.94,36.25,4.50,48.50,4.80,34.16,0.00,0.00,0.00
-12.2533333333333,-38.9333333333333,1.60,1.94,25.05,2.95,29.00,5.76,43.92,0.00,0.00,0.00
-12.3333333333333,-38.9333333333333,1.60,1.46,27.25,4.00,29.50,4.80,41.48,0.00,0.00,0.00
-12.3166666666667,-38.9333333333333,2.40,2.67,27.55,4.90,36.50,7.68,41.48,0.00,0.00,0.00
-12.3,-38.9333333333333,3.20,0.48,25.00,5.00,26.00,1.92,39.04,0.00,0.00,0.00
-12.2833333333333,-38.9333333333333,2.40,1.45,27.50,4.60,28.00,6.72,51.24,0.00,0.00,0.00
-12.2666666666667,-38.9333333333333,1.60,3.16,30.00,4.90,36.00,6.72,46.36,0.00,0.00,0.00
-12.2644444444444,-38.9333333333333,15.20,10.69,25.50,10.00,23.00,37.95,89.60,0.00,0.00,0.00
-12.25,-38.9333333333333,4.80,0.48,37.00,6.00,42.00,2.88,48.00,0.00,0.00,0.00
-12.2527777777778,-38.9333333333333,4.40,2.67,25.75,6.20,21.00,12.49,53.68,0.00,0.00,0.00
-12.2036111111111,-38.8705555555556,3.60,13.60,227.50,14.20,360.00,31.70,43.94,0.00,0.00,0.00
-12.2938888888889,-38.8402777777778,261.00,311.52,210.00,30.00,1,400.00,211.42,292.80,0.00,0.00
-12.3380555555556,-38.85,20.00,0.95,30.00,3.00,21.00,29.79,80.52,0.00,0.00,0.00
-12.3916666666667,-38.8138888888889,10.40,3.40,19.00,1.00,15.00,18.43,53.68,0.00,0.00,0.00
-12.2694444444444,-38.9416666666667,1.60,0.97,34.00,5.00,33.00,20.18,21.96,0.00,0.00,0.00
-12.2066666666667,-38.9727777777778,4.00,6.07,94.00,9.20,161.25,9.12,14.64,0.00,0.00,0.00
-12.7833333333333,-38.4,14.00,6.31,127.50,11.80,235.00,11.05,14.64,0.00,0.00,0.00
-12.7833333333333,-38.4,52.00,2.67,29.00,7.50,27.00,8.64,63.44,0.00,0.00,0.00
-12.6805555555556,-41.2138888888889,63.60,20.70,11.20,3.10,28.40,7.90,265.00,0.00,0.00,0.00
-12.6416666666667,-41.1722222222222,57.10,7.20,9.45,2.30,21.50,2.40,198.00,0.00,2.00,0.00
-12.475,-41.0555555555556,158.00,27.60,23.90,5.00,48.00,81.00,515.00,0.00,0.00,0.00
-12.5972222222222,-41.025,103.50,35.00,41.30,8.40,21.50,38.80,545.00,0.00,0.50,794.00
-12.675,-41.0138888888889,578.00,67.00,51.00,6.60,24.00,1,460.00,247.00,0.00,11.90
-12.6916666666667,-41.0055555555556,47.60,44.80,29.00,8.60,75.50,1.00,320.00,0.00,0.00,0.00
-12.7277777777778,-40.4972222222222,87.80,60.00,26.50,8.46,69.00,62.00,464.00,0.00,0.00,0.00
-12.1527777777778,-39.2361111111111,56.60,141.00,605.00,3.65,800.00,99.00,930.00,0.00,0.50,0.00
-12.825,-40.9,1600.00,831.00,0.00,0.00,3600.00,380.00,488.00,0.00,0.00,9960.00
-12.6555555555556,-40.7277777777778,305.00,343.00,335.00,39.80,1,900.00,143.00,20.00,0.00,0.00
-12.6055555555556,-40.6916666666667,341.00,34.50,233.00,8.10,588.00,52.50,149.00,0.00,0.00,0.00
-12.6305555555556,-40.6638888888889,478.00,645.00,910.00,17.80,3,350.00,739.00,382.00,0.00,3.90
-12.6611111111111,-40.6138888888889,466.00,755.00,775.00,27.90,387.00,147.00,79.00,0.00,220.00,0.00
-12.6611111111111,-40.6138888888889,380.00,252.00,1335.00,54.50,3010.00,77.00,293.00,0.00,274.00,0.00
-12.5555555555556,-39.4777777777778,10.50,7.10,152.00,8.30,255.00,5.80,38.40,0.00,17.50,0.00
-12.5305555555556,-39.4472222222222,4.20,10.70,193.00,8.60,205.00,6.80,20.30,0.00,186.00,0.00
-12.5305555555556,-39.4472222222222,17.60,26.90,135.00,32.20,216.00,1.80,0.00,0.00,239.00,0.00
-12.5111111111111,-39.0083333333333,1.20,6.00,52.80,13.40,61.40,2.30,6.10,0.00,79.00,0.00
-12.625,-39.1638888888889,3.40,3.50,30.80,2.40,24.00,0.20,21.00,0.00,463.00,0.00
-12.6666666666667,-39.1055555555556,3.60,3.30,14.60,1.30,2.30,4.50,6.00,0.00,18.60,0.00
-12.9083333333333,-39.1972222222222,538.00,507.00,585.00,61.20,3070.00,120.00,253.00,0.00,0.90,0.00
-12.1583333333333,-39.1138888888889,77.40,90.00,433.00,13.50,542.00,89.00,520.00,0.00,284.00,0.00
-12.2666666666667,-39.1972222222222,189.00,210.00,980.00,5.30,1735.00,340.00,906.00,0.00,10.90,0.00
-12.3083333333333,-39.0305555555556,35.30,110.00,463.00,2.70,558.00,151.00,784.00,0.00,33.80,0.00
-12.6055555555556,-39.0361111111111,6.80,5.00,13.40,8.90,25.00,6.60,12.00,0.00,29.70,0.00
-12.625,-40.9555555555556,5.80,5.90,49.50,11.50,82.60,12.10,31.00,0.00,10.40,208.00
-12.6416666666667,-40.9416666666667,260.00,102.00,140.00,11.50,745.00,35.30,323.00,0.00,0.00,0.00
-12.3222222222222,-39.2916666666667,126.00,206.00,412.00,10.30,796.00,84.50,549.00,0.00,432.00,0.00
-12.1277777777778,-39.6972222222222,9.30,9.00,101.90,4.26,93.70,38.50,116.00,0.00,7.90,0.00
-13.2611111111111,-41.0222222222222,260.00,85.00,170.00,7.90,502.00,260.00,475.00,0.00,7.60,1607.00
-13.2833333333333,-40.9611111111111,109.00,78.00,128.00,13.40,405.00,70.00,182.00,0.00,124.00,1109.00
-13.3,-40.9611111111111,149.00,92.00,157.00,10.80,518.00,24.80,128.00,0.00,275.00,1354.00
-13.0805555555556,-41.0194444444444,529.00,73.80,403.00,8.80,48.00,2210.00,177.00,0.00,0.50,0.00
-13.2111111111111,-41.0527777777778,195.00,80.00,80.00,4.20,186.00,344.00,490.00,0.00,4.30,1383.00
-13.2138888888889,-41.0305555555556,601.00,161.00,278.00,6.90,700.00,1320.00,427.00,0.00,0.50,0.00
-13.2138888888889,-41.0305555555556,729.00,142.00,232.00,7.60,1125.00,1140.00,332.00,0.00,0.50,3707.60
-13.2027777777778,-40.9888888888889,185.00,28.00,32.50,7.70,146.00,94.00,420.00,0.00,15.30,958.50
-13.2222222222222,-40.9361111111111,227.00,36.50,74.00,5.50,158.00,335.00,357.00,0.00,0.50,1193.00
-12.275,-40.9972222222222,73.30,46.10,55.10,7.40,80.00,87.00,365.00,0.00,4.50,720.00
-12.3361111111111,-40.9055555555556,12.60,12.00,129.00,5.40,214.00,27.80,53.00,0.00,1.00,0.00
-12.3583333333333,-40.8583333333333,14.70,24.30,41.50,11.30,606.00,360.00,159.00,0.00,0.50,1216.00
-12.875,-39.8555555555556,49.80,26.70,106.00,13.00,151.00,48.30,11.40,0.00,214.00,623.00
-12.7,-39.7166666666667,60.00,180.00,995.00,64.50,2060.00,61.10,87.00,0.00,74.70,0.00
-12.7166666666667,-39.1777777777778,2.80,1.90,19.30,1.60,34.00,0.40,15.00,0.00,0.50,0.00
-12.7166666666667,-39.1777777777778,28.20,19.00,160.00,5.20,278.00,38.00,132.00,0.00,0.20,0.00
-12.7166666666667,-39.1777777777778,0.10,1.90,11.30,0.70,17.10,0.80,14.00,0.00,5.20,0.00
-12.7722222222222,-39.0333333333333,13.80,25.30,94.30,7.00,216.00,12.00,35.40,0.00,0.20,0.00
-12.9916666666667,-39.3777777777778,26.10,12.30,63.80,5.40,84.00,8.10,58.00,0.00,107.00,0.00
-12.9694444444444,-39.2611111111111,14.50,15.00,89.70,30.60,125.00,23.60,0.00,0.00,147.00,0.00
-12.45,-39.2333333333333,9.70,11.60,76.30,9.00,156.00,1.90,26.90,0.00,3.80,0.00
-12.4416666666667,-39.2166666666667,16.50,18.50,140.00,11.60,191.00,159.00,177.00,0.00,0.20,0.00
-12.8472222222222,-39.0916666666667,6.10,1.90,6.40,12.50,9.20,8.80,25.00,0.00,10.00,0.00
-12.7555555555556,-39.2111111111111,2.70,3.30,40.00,4.60,34.00,52.00,9.00,0.00,15.00,0.00
-12.1666666666667,-39.3666666666667,28.40,42.60,1230.00,6.55,3,030.00,109.00,714.00,0.00,99.50
-12.1472222222222,-39.3138888888889,48.40,87.20,253.00,2.80,432.00,119.50,372.00,0.00,3.20,0.00
-12.1805555555556,-39.3222222222222,42.50,80.40,354.00,53.00,360.00,73.00,372.00,0.00,460.00,0.00
-12.0972222222222,-41.575,282.00,217.00,155.00,10.00,758.00,454.00,481.00,0.00,0.50,2357.00
-12.0222222222222,-40.9916666666667,278.00,221.00,139.00,20.30,1120.00,28.50,286.00,0.00,11.20,2104.00
-12.0944444444444,-40.9888888888889,291.00,134.00,285.00,29.00,1162.00,62.20,291.00,0.00,3.30,0.00
-12.0944444444444,-40.9888888888889,292.00,112.00,126.00,5.90,674.00,160.00,463.00,0.00,2.50,0.00
-12.775,-41.4902777777778,0.25,0.17,1.55,0.50,2.60,0.50,3.00,0.00,0.30,8.90
-12.8125,-41.8277777777778,2.00,0.80,4.95,0.50,7.00,0.20,11.00,0.00,0.30,26.70
-12.0055555555556,-41.0513888888889,35.50,19.70,12.20,5.10,22.00,5.00,198.00,0.00,1.10,298.00
-12.1138888888889,-41.1,37.50,12.20,8.60,3.10,17.20,6.80,159.00,0.00,0.00,244.40
-12.1138888888889,-41.1,59.30,19.70,15.50,3.80,37.40,13.60,238.00,0.00,0.00,378.30
-12.9472222222222,-41.0944444444444,91.00,11.00,2.80,1.10,4.30,5.70,318.00,0.00,0.10,434.00
-12.05,-40.8180555555556,13.20,6.80,62.50,6.50,100.00,8.80,73.00,0.00,0.00,270.80
-12.0125,-40.5652777777778,1.90,1.30,17.50,3.05,23.80,0.30,16.00,0.00,0.00,63.90
-12.0444444444444,-40.3972222222222,4.00,5.30,62.50,4.10,109.00,9.30,13.00,0.00,0.50,207.20
-12.025,-40.4833333333333,3.60,1.70,18.00,3.10,29.00,6.40,18.20,0.00,0.50,80.00
-12.3069444444444,-40.4541666666667,0.80,0.36,3.35,0.10,9.10,0.40,0.00,0.00,14.10,0.00
-12.1175,-39.7208333333333,1.00,0.97,12.50,0.50,20.80,8.80,3.00,0.00,42.50,0.00
-12.2722222222222,-39.275,4.70,7.10,50.50,1.38,93.10,6.20,20.00,0.00,0.00,0.20
-12.7402777777778,-39.8475,1.40,1.15,4.80,2.10,15.00,0.20,14.00,0.00,0.00,42.70
-12.8625,-39.8569444444444,0.40,1.35,16.50,2.40,24.00,8.00,11.00,0.00,0.20,76.00
-12.8097222222222,-39.5027777777778,2.00,1.60,9.50,1.10,20.50,3.60,6.00,0.00,0.00,0.50
-12.7916666666667,-39.0916666666667,4.20,6.10,22.70,8.00,29.50,22.40,9.00,0.00,27.20,129.00
-12.7827777777778,-39.2138888888889,2.60,1.20,70.50,1.30,34.50,20.20,70.00,0.00,50.40,250.70
-12.975,-39.2541666666667,1.20,1.08,7.50,1.60,15.40,4.10,34.80,0.00,3.90,34.80
-13.1541666666667,-40.7583333333333,2.40,1.20,3.50,0.90,4.30,0.50,19.00,0.00,0.70,26.80
-12.5313888888889,-39.5113888888889,9.80,7.80,94.50,113.40,169.00,15.10,30.00,0.00,9.60,349.20
-12.3511111111111,-39.2372222222222,5.50,6.50,100.00,10.50,99.10,3.80,11.00,0.00,146.00,382.40
-12.4683333333333,-39.5569444444444,29.60,39.60,292.00,24.50,459.00,16.30,308.00,0.00,0.50,1169.50
-12.1711111111111,-40.2647222222222,3.35,3.95,46.50,5.75,2.10,3.50,65.00,0.00,0.90,18.86
-12.8286111111111,-39.5472222222222,1.65,2.06,16.50,1.82,28.00,0.20,19.00,0.00,0.00,0.20
-12.6844444444444,-41.8127777777778,9.00,3.70,6.00,2.15,22.10,0.60,24.40,0.00,0.00,0.20
-12.9727777777778,-40.9488888888889,6.15,2.20,2.50,0.80,6.00,0.20,31.00,0.00,0.10,0.00
-12.3602777777778,-41.5113888888889,24.10,9.60,6.50,1.30,19.40,4.20,98.00,0.00,0.50,0.00
-12.8377777777778,-41.7766666666667,2.00,0.80,4.95,0.50,7.00,0.20,11.00,0.00,0.30,0.00
-12.2927777777778,-40.5477777777778,493.00,606.00,980.00,44.00,383.00,304.00,270.00,0.00,0.50,0.00
-12.3247222222222,-40.3925,68.10,80.30,208.00,34.60,583.00,20.00,196.00,0.00,0.50,0.00
-12.0630555555556,-41.0180555555556,64.70,36.70,59.50,6.70,154.00,22.80,212.00,0.00,0.50,0.00
-12.7472222222222,-40.2008333333333,3.60,0.97,2.30,0.40,3.60,3.80,6.00,0.00,0.00,0.50
-12.7472222222222,-40.2008333333333,6.55,2.78,2.51,0.63,5.40,0.60,29.00,0.00,0.60,0.00
-13.0177777777778,-40.8127777777778,12.20,4.82,3.55,1.01,6.10,0.60,59.00,0.00,0.50,0.00
-12.9819444444444,-41.0819444444445,0.85,0.40,1.40,0.70,2.90,0.00,0.20,3.00,0.00,0.20
-13.045,-41.0877777777778,1.00,0.40,1.40,0.50,2.10,10.20,3.00,0.00,0.20,0.00
-13,-41.4108333333333,0.55,0.25,1.90,0.40,4.40,0.20,3.00,0.00,0.30,0.00
-12.7880555555556,-41.2555555555556,0.17,0.17,1.57,0.16,2.00,0.00,0.10,1.00,0.00,0.50
-12.8197222222222,-40.8308333333333,257.00,181.00,1095.00,66.00,2710.00,76.00,68.00,0.00,0.00,0.50
-12.1261111111111,-40.3286111111111,123.00,128.00,318.00,18.70,995.00,74.50,162.00,0.00,0.00,0.50
-12.1261111111111,-40.4655555555556,3.80,3.45,6.35,6.35,2.60,0.20,51.00,0.00,0.80,0.00
-13.3333333333333,-41.3561111111111,0.60,0.18,3.50,0.20,4.80,0.00,0.20,1.00,0.00,0.40
-12.4052777777778,-41.3836111111111,17.80,5.50,5.35,2.15,11.90,2.90,76.00,0.00,0.00,0.50
-12.4772222222222,-41.1916666666667,12.60,6.10,7.50,2.00,13.90,0.50,66.00,0.00,0.00,0.50
-12.4675,-39.9222222222222,167.00,215.00,453.00,25.00,1570.00,122.00,79.70,0.00,0.00,0.50
-12.3333333333333,-40.1461111111111,154.00,211.00,465.00,27.20,1545.00,118.00,66.40,0.00,0.00,0.50
-12.5313888888889,-40.2283333333333,89.00,120.00,225.00,40.00,869.00,7.80,84.50,0.00,1.00,0.00
-12.9991666666667,-40.5844444444444,5.70,2.25,2.30,0.70,5.80,0.20,30.00,0.00,0.10,0.00
-12.9819444444444,-40.5386111111111,10.40,4.08,3.09,0.86,5.80,0.50,49.00,0.00,0.00,0.50
-12.6022222222222,-39.4747222222222,4.35,2.65,4.65,0.46,11.90,1.30,13.00,0.00,0.00,0.50
-12.8558333333333,-40.3833333333333,8.15,3.28,2.60,0.67,5.40,0.80,36.00,0.00,0.60,0.00
-12.3422222222222,-41.155,20.70,11.10,9.50,2.85,19.30,3.10,112.00,0.00,0.00,0.50
-12.2522222222222,-41.1461111111111,20.90,11.30,9.50,2.80,18.80,3.20,114.00,0.00,0.00,0.50
-12.2069444444444,-41.1369444444444,0.17,0.25,2.60,0.20,4.00,0.50,1.00,0.00,0.00,0.50
-12.0988888888889,-40.4838888888889,3.60,1.70,18.00,3.10,29.00,6.40,18.20,0.00,0.00,0.50
-12.1891666666667,-39.6666666666667,1.00,0.97,12.50,0.50,20.80,8.80,3.00,0.00,0.00,0.50
-12.6755555555556,-40.8675,2.60,2.00,46.00,17.40,63.00,17.80,31.00,0.00,1.00,180.80
-12.9188888888889,-40.1186111111111,2.90,1.60,18.20,0.50,15.00,3.00,40.00,0.00,0.00,0.05
-12.1711111111111,-41.7213888888889,0.95,0.85,5.25,0.90,10.00,0.50,6.00,0.00,1.70,24.89
-12.3241666666667,-40.5202777777778,11.00,10.10,51.00,6.50,107.00,19.00,33.20,0.00,0.50,237.30
-13.3241666666667,-40.6575,2.40,1.20,3.50,0.90,4.30,0.50,14.00,0.00,0.70,27.50
